CustomerID,gender,age,job,marital,province,city,size,exchange
1,FEMALE,20대,자영업,SINGLE,전라도,익산시,55,1.0
2,MALE,60대 이상,직장인,MARRIED,대구시,수성구,S,-0.8
3,FEMALE,20대,전문직,MARRIED,서울시,강남구,55,1.4
4,FEMALE,40대,직장인,SINGLE,전라도,구례군,66,-1.4
5,FEMALE,40대,전문직,SINGLE,광주시,서구(광주),55,-0.7
6,MALE,60대 이상,전문직,MARRIED,광주시,서구(광주),L,1.2
7,FEMALE,20대,직장인,SINGLE,전라도,익산시,55,1.1
8,FEMALE,50대,직장인,MARRIED,서울시,마포구,44,-1.1
9,FEMALE,40대,직장인,MARRIED,경기도,포천시,66,0.3
10,FEMALE,30대,직장인,MARRIED,전라도,광양시,66,0.6
11,MALE,50대,전문직,SINGLE,충청도,충주시,M,0.3
12,MALE,60대 이상,자영업,SINGLE,광주시,서구(광주),M,2.0
13,FEMALE,20대,학생,SINGLE,광주시,서구(광주),66,1.4
14,FEMALE,20대,직장인,MARRIED,광주시,서구(광주),66,2.4
15,FEMALE,40대,직장인,MARRIED,대구시,수성구,55,0.0
16,FEMALE,30대,전문직,MARRIED,서울시,마포구,55,-0.2
17,FEMALE,40대,직장인,SINGLE,경기도,가평군,44,0.2
18,FEMALE,20대,직장인,SINGLE,충청도,홍성군,55,-0.2
19,FEMALE,40대,전문직,SINGLE,서울시,강남구,66,0.6
20,FEMALE,40대,직장인,SINGLE,서울시,양천구,55,1.9
21,FEMALE,50대,계약직,SINGLE,대구시,수성구,55,2.2
22,FEMALE,20대,전문직,MARRIED,대구시,달서구,44,0.7
23,MALE,40대,전문직,MARRIED,전라도,곡성군,L,-0.4
24,FEMALE,40대,전문직,MARRIED,전라도,구례군,55,-0.8
25,FEMALE,20대,자영업,MARRIED,대구시,북구(대구),55,1.1
26,MALE,60대 이상,전문직,MARRIED,경기도,포천시,L,1.5
27,FEMALE,50대,직장인,SINGLE,경기도,가평군,55,-0.5
28,MALE,60대 이상,직장인,MARRIED,광주시,북구(광주),M,1.3
29,MALE,50대,직장인,SINGLE,경상도,함안군,L,1.0
30,MALE,50대,직장인,SINGLE,대구시,수성구,S,0.1
31,FEMALE,20대,학생,MARRIED,전라도,곡성군,66,1.0
32,FEMALE,40대,직장인,SINGLE,경기도,포천시,44,1.9
33,MALE,30대,직장인,MARRIED,경상도,거제시,L,1.1
34,FEMALE,30대,계약직,MARRIED,서울시,강남구,44,3.7
35,FEMALE,20대,자영업,MARRIED,서울시,강남구,66,1.9
36,MALE,40대,직장인,MARRIED,대구시,달서구,L,-1.9
37,MALE,40대,직장인,SINGLE,대구시,수성구,L,0.2
38,FEMALE,50대,직장인,MARRIED,경기도,포천시,44,1.4
39,FEMALE,40대,직장인,MARRIED,경기도,안양시,44,2.5
40,FEMALE,50대,전문직,SINGLE,충청도,홍성군,44,-1.3
41,FEMALE,30대,전문직,MARRIED,경상도,하동군,44,-1.9
42,FEMALE,50대,직장인,SINGLE,광주시,서구(광주),55,0.1
43,FEMALE,50대,직장인,MARRIED,경기도,포천시,44,-1.2
44,FEMALE,30대,직장인,SINGLE,대구시,달서구,55,0.6
45,FEMALE,20대,자영업,SINGLE,서울시,양천구,66,-0.2
46,MALE,20대,직장인,SINGLE,경상도,남구(포항시),L,1.1
47,FEMALE,30대,자영업,MARRIED,경기도,포천시,44,-0.9
48,MALE,60대 이상,직장인,MARRIED,서울시,강남구,L,0.4
49,FEMALE,40대,전문직,MARRIED,대구시,수성구,44,0.8
50,FEMALE,50대,계약직,MARRIED,충청도,천안시,66,-0.5
51,MALE,20대,계약직,MARRIED,서울시,양천구,L,1.7
52,FEMALE,20대,직장인,SINGLE,광주시,광산구,44,-1.4
53,FEMALE,50대,전문직,MARRIED,경상도,거제시,44,0.0
54,FEMALE,20대,자영업,SINGLE,경기도,가평군,55,2.7
55,FEMALE,40대,자영업,MARRIED,충청도,진천군,44,0.5
56,FEMALE,30대,직장인,MARRIED,경상도,남구(포항시),55,-1.4
57,FEMALE,30대,직장인,SINGLE,경기도,안양시,66,-1.3
58,FEMALE,40대,직장인,MARRIED,서울시,양천구,44,0.1
59,MALE,50대,계약직,MARRIED,경상도,하동군,L,0.6
60,FEMALE,20대,자영업,MARRIED,서울시,양천구,44,1.4
61,FEMALE,20대,직장인,SINGLE,대구시,달서구,66,1.2
62,FEMALE,50대,직장인,SINGLE,경기도,가평군,55,0.4
63,FEMALE,50대,전문직,MARRIED,충청도,홍성군,55,1.0
64,FEMALE,50대,전문직,MARRIED,경상도,북구(포항시),44,-0.6
65,FEMALE,40대,전문직,MARRIED,광주시,서구(광주),66,0.1
66,FEMALE,50대,직장인,MARRIED,광주시,광산구,44,-1.3
67,FEMALE,30대,직장인,MARRIED,서울시,강남구,44,1.0
68,FEMALE,50대,계약직,MARRIED,대구시,수성구,55,-0.0
69,FEMALE,30대,직장인,MARRIED,경상도,함안군,44,-0.0
70,FEMALE,50대,자영업,SINGLE,광주시,서구(광주),66,2.0
71,FEMALE,50대,전문직,SINGLE,광주시,서구(광주),44,-1.0
72,FEMALE,50대,직장인,MARRIED,서울시,강북구,44,-0.3
73,FEMALE,30대,직장인,MARRIED,서울시,마포구,55,2.4
74,FEMALE,20대,전문직,MARRIED,대구시,수성구,55,1.0
75,MALE,20대,직장인,MARRIED,경기도,포천시,M,0.7
76,MALE,50대,계약직,SINGLE,대구시,수성구,S,0.5
77,MALE,20대,직장인,SINGLE,충청도,충주시,M,1.5
78,MALE,60대 이상,직장인,MARRIED,경상도,남구(포항시),M,1.1
79,FEMALE,50대,직장인,MARRIED,광주시,서구(광주),55,0.9
80,FEMALE,30대,전문직,SINGLE,서울시,강남구,55,-0.4
81,FEMALE,30대,자영업,MARRIED,충청도,진천군,44,1.4
82,MALE,50대,직장인,SINGLE,대구시,수성구,L,1.2
83,FEMALE,40대,자영업,MARRIED,광주시,광산구,55,-1.3
84,MALE,50대,직장인,SINGLE,경상도,북구(포항시),L,0.6
85,MALE,50대,직장인,MARRIED,경기도,가평군,M,0.1
86,FEMALE,40대,직장인,MARRIED,대구시,수성구,66,1.0
87,MALE,30대,자영업,MARRIED,광주시,서구(광주),M,1.2
88,FEMALE,50대,계약직,MARRIED,서울시,양천구,55,0.1
89,FEMALE,30대,직장인,SINGLE,전라도,곡성군,66,-0.8
90,FEMALE,50대,자영업,MARRIED,광주시,서구(광주),66,0.5
91,MALE,60대 이상,직장인,SINGLE,대구시,수성구,L,2.0
92,FEMALE,30대,직장인,MARRIED,서울시,강동구,55,1.3
93,FEMALE,20대,직장인,MARRIED,경기도,평택시,66,1.6
94,FEMALE,60대 이상,전문직,MARRIED,광주시,동구(광주),44,-0.4
95,MALE,20대,계약직,MARRIED,충청도,홍성군,L,0.5
96,MALE,30대,직장인,SINGLE,서울시,강북구,M,0.3
97,MALE,30대,직장인,MARRIED,경기도,평택시,S,1.8
98,MALE,20대,자영업,MARRIED,경기도,평택시,M,0.1
99,FEMALE,50대,직장인,SINGLE,서울시,양천구,55,-1.5
100,MALE,50대,직장인,MARRIED,대구시,수성구,L,0.2
101,FEMALE,30대,직장인,MARRIED,대구시,달서구,55,0.2
102,FEMALE,30대,전문직,MARRIED,전라도,광양시,55,0.7
103,MALE,20대,자영업,MARRIED,경기도,포천시,M,1.0
104,MALE,40대,자영업,MARRIED,충청도,천안시,M,0.0
105,FEMALE,40대,직장인,SINGLE,충청도,충주시,66,-0.9
106,MALE,20대,전문직,SINGLE,광주시,서구(광주),S,1.1
107,MALE,40대,직장인,SINGLE,충청도,충주시,L,-0.8
108,FEMALE,60대 이상,자영업,SINGLE,광주시,북구(광주),55,0.4
109,MALE,40대,직장인,MARRIED,서울시,강남구,L,0.1
110,MALE,30대,직장인,MARRIED,전라도,해남군,M,-1.4
111,FEMALE,20대,직장인,SINGLE,충청도,충주시,66,1.4
112,MALE,30대,직장인,MARRIED,경기도,포천시,L,1.3
113,MALE,30대,전문직,MARRIED,충청도,충주시,M,-0.2
114,MALE,20대,직장인,MARRIED,광주시,서구(광주),S,0.4
115,MALE,20대,직장인,MARRIED,광주시,광산구,L,1.5
116,FEMALE,20대,자영업,MARRIED,대구시,수성구,55,1.1
117,MALE,20대,학생,SINGLE,서울시,강남구,S,2.5
118,FEMALE,60대 이상,전문직,MARRIED,경상도,거제시,55,0.2
119,FEMALE,30대,자영업,MARRIED,대구시,달성군,66,0.4
120,MALE,20대,계약직,MARRIED,광주시,동구(광주),S,-0.8
121,FEMALE,40대,직장인,SINGLE,충청도,청주시,44,-0.8
122,MALE,30대,자영업,MARRIED,충청도,진천군,S,1.4
123,MALE,30대,전문직,SINGLE,경상도,북구(포항시),S,-0.7
124,MALE,60대 이상,전문직,MARRIED,광주시,서구(광주),L,1.7
125,FEMALE,30대,전문직,MARRIED,전라도,익산시,44,0.9
126,FEMALE,40대,직장인,MARRIED,경상도,거제시,66,-0.8
127,FEMALE,30대,직장인,MARRIED,광주시,서구(광주),55,0.2
128,MALE,20대,직장인,MARRIED,대구시,달성군,L,1.2
129,FEMALE,20대,전문직,MARRIED,서울시,강북구,44,-1.9
130,FEMALE,30대,전문직,MARRIED,전라도,광양시,66,1.6
131,FEMALE,50대,직장인,MARRIED,경상도,북구(포항시),44,-0.0
132,MALE,40대,전문직,SINGLE,전라도,광양시,L,1.2
133,MALE,30대,직장인,MARRIED,경상도,북구(포항시),L,0.3
134,MALE,40대,전문직,MARRIED,서울시,양천구,L,-0.2
135,MALE,20대,직장인,SINGLE,충청도,충주시,S,-0.0
136,FEMALE,40대,전문직,MARRIED,경기도,포천시,44,-0.1
137,FEMALE,30대,직장인,SINGLE,대구시,수성구,66,0.2
138,MALE,60대 이상,계약직,MARRIED,광주시,광산구,S,2.1
139,MALE,60대 이상,직장인,MARRIED,대구시,수성구,M,0.7
140,FEMALE,50대,직장인,MARRIED,서울시,마포구,55,0.9
141,FEMALE,20대,직장인,MARRIED,경기도,포천시,55,2.4
142,FEMALE,50대,전문직,SINGLE,대구시,수성구,44,0.9
143,FEMALE,40대,직장인,MARRIED,서울시,강남구,44,1.3
144,FEMALE,30대,전문직,MARRIED,서울시,양천구,44,2.5
145,FEMALE,30대,직장인,MARRIED,서울시,양천구,66,0.9
146,FEMALE,50대,자영업,MARRIED,충청도,천안시,44,-0.9
147,FEMALE,40대,전문직,MARRIED,광주시,서구(광주),66,0.0
148,FEMALE,20대,직장인,MARRIED,충청도,진천군,55,-0.0
149,FEMALE,20대,학생,SINGLE,서울시,강남구,44,0.6
150,MALE,50대,직장인,MARRIED,대구시,수성구,M,-0.5
151,FEMALE,40대,계약직,SINGLE,경기도,가평군,55,-1.0
152,MALE,20대,직장인,SINGLE,대구시,수성구,M,1.2
153,FEMALE,20대,직장인,SINGLE,경상도,거제시,55,0.4
154,MALE,40대,전문직,MARRIED,서울시,마포구,M,0.6
155,FEMALE,40대,직장인,MARRIED,경상도,함안군,66,-0.3
156,MALE,40대,직장인,MARRIED,광주시,서구(광주),S,-0.7
157,FEMALE,40대,계약직,MARRIED,서울시,양천구,55,1.1
158,FEMALE,30대,전문직,SINGLE,대구시,수성구,77,-0.2
159,FEMALE,60대 이상,직장인,MARRIED,광주시,북구(광주),66,-1.4
160,MALE,30대,전문직,SINGLE,광주시,북구(광주),L,2.5
161,FEMALE,40대,자영업,SINGLE,서울시,양천구,66,2.0
162,FEMALE,60대 이상,전문직,SINGLE,서울시,양천구,44,2.0
163,FEMALE,40대,직장인,MARRIED,서울시,강남구,55,-0.3
164,FEMALE,40대,전문직,SINGLE,서울시,강남구,44,1.4
165,FEMALE,20대,자영업,MARRIED,서울시,양천구,66,1.7
166,FEMALE,50대,계약직,MARRIED,경상도,북구(포항시),44,0.2
167,FEMALE,40대,전문직,MARRIED,서울시,강남구,55,-0.8
168,FEMALE,60대 이상,직장인,MARRIED,대구시,수성구,66,2.3
169,MALE,40대,전문직,MARRIED,경상도,함안군,L,0.6
170,FEMALE,20대,계약직,SINGLE,경기도,평택시,66,0.0
171,MALE,40대,직장인,SINGLE,충청도,진천군,M,-0.7
172,FEMALE,50대,전문직,MARRIED,경상도,하동군,55,-0.5
173,FEMALE,20대,학생,MARRIED,광주시,동구(광주),66,1.1
174,FEMALE,50대,자영업,MARRIED,서울시,강남구,66,1.9
175,FEMALE,30대,직장인,MARRIED,광주시,서구(광주),44,1.8
176,MALE,20대,자영업,MARRIED,대구시,달성군,L,-1.7
177,MALE,50대,자영업,MARRIED,충청도,홍성군,M,-0.9
178,FEMALE,60대 이상,자영업,SINGLE,대구시,중구(대구),44,-0.2
179,MALE,40대,전문직,MARRIED,광주시,서구(광주),L,0.7
180,FEMALE,50대,직장인,MARRIED,서울시,강남구,66,1.8
181,FEMALE,40대,계약직,MARRIED,대구시,달서구,44,-0.8
182,MALE,30대,직장인,SINGLE,경상도,북구(포항시),L,1.1
183,MALE,50대,직장인,MARRIED,서울시,강북구,L,0.1
184,MALE,20대,직장인,MARRIED,경상도,하동군,L,-1.1
185,MALE,60대 이상,계약직,SINGLE,서울시,강북구,L,1.7
186,FEMALE,20대,직장인,MARRIED,광주시,북구(광주),66,1.0
187,MALE,50대,자영업,MARRIED,서울시,양천구,L,-0.6
188,MALE,40대,계약직,MARRIED,서울시,마포구,L,0.4
189,FEMALE,40대,직장인,SINGLE,광주시,서구(광주),55,1.9
190,FEMALE,20대,직장인,SINGLE,대구시,달서구,55,0.4
191,MALE,30대,직장인,MARRIED,서울시,강북구,S,0.0
192,MALE,20대,전문직,MARRIED,경상도,북구(포항시),L,-0.9
193,FEMALE,20대,직장인,MARRIED,서울시,강남구,66,0.6
194,FEMALE,20대,직장인,MARRIED,서울시,양천구,44,-0.4
195,FEMALE,50대,자영업,SINGLE,서울시,강북구,44,0.7
196,MALE,20대,직장인,MARRIED,전라도,광양시,L,0.9
197,FEMALE,20대,자영업,MARRIED,대구시,달성군,55,-0.7
198,FEMALE,40대,전문직,SINGLE,광주시,광산구,44,1.2
199,FEMALE,40대,직장인,MARRIED,광주시,광산구,66,0.1
200,FEMALE,20대,전문직,MARRIED,광주시,서구(광주),66,1.5
201,FEMALE,60대 이상,직장인,SINGLE,대구시,수성구,66,1.8
202,FEMALE,40대,직장인,MARRIED,대구시,수성구,44,0.4
203,FEMALE,40대,전문직,MARRIED,광주시,북구(광주),66,0.4
204,MALE,40대,직장인,MARRIED,광주시,서구(광주),XL,0.9
205,FEMALE,20대,학생,SINGLE,대구시,달성군,55,0.3
206,FEMALE,30대,자영업,SINGLE,경기도,포천시,66,0.2
207,FEMALE,50대,계약직,SINGLE,대구시,수성구,66,0.4
208,FEMALE,30대,계약직,MARRIED,서울시,강남구,44,-0.2
209,MALE,60대 이상,직장인,SINGLE,경상도,남구(포항시),L,0.8
210,FEMALE,30대,자영업,SINGLE,경상도,북구(포항시),44,0.3
211,FEMALE,50대,전문직,MARRIED,광주시,서구(광주),44,2.9
212,FEMALE,30대,전문직,MARRIED,경기도,평택시,44,-0.2
213,FEMALE,60대 이상,전문직,MARRIED,광주시,북구(광주),44,0.4
214,FEMALE,40대,직장인,MARRIED,대구시,북구(대구),55,0.9
215,FEMALE,20대,직장인,MARRIED,대구시,수성구,77,-0.6
216,FEMALE,50대,직장인,MARRIED,경기도,안양시,66,0.4
217,FEMALE,30대,직장인,MARRIED,대구시,달성군,55,0.3
218,MALE,50대,전문직,SINGLE,서울시,마포구,S,3.0
219,FEMALE,40대,계약직,MARRIED,경상도,거제시,66,0.6
220,MALE,50대,계약직,MARRIED,충청도,충주시,S,1.8
221,MALE,20대,자영업,MARRIED,충청도,홍성군,L,2.5
222,MALE,20대,전문직,SINGLE,충청도,천안시,L,1.1
223,MALE,30대,전문직,MARRIED,광주시,서구(광주),M,0.7
224,FEMALE,30대,직장인,SINGLE,광주시,남구(광주),66,0.2
225,FEMALE,30대,전문직,MARRIED,대구시,수성구,55,-0.0
226,MALE,20대,직장인,MARRIED,경기도,화성시,L,-0.7
227,FEMALE,50대,직장인,MARRIED,서울시,강북구,55,1.1
228,MALE,40대,직장인,MARRIED,전라도,광양시,M,0.3
229,FEMALE,20대,자영업,SINGLE,충청도,청주시,66,-2.1
230,FEMALE,40대,계약직,SINGLE,경기도,평택시,66,0.3
231,FEMALE,20대,직장인,MARRIED,경기도,가평군,55,-0.3
232,FEMALE,20대,자영업,SINGLE,경기도,포천시,55,1.1
233,FEMALE,50대,전문직,MARRIED,대구시,달서구,66,0.6
234,FEMALE,60대 이상,계약직,SINGLE,광주시,북구(광주),44,-1.6
235,FEMALE,60대 이상,직장인,SINGLE,서울시,강남구,66,-0.5
236,MALE,40대,직장인,MARRIED,서울시,강남구,M,2.2
237,FEMALE,20대,직장인,MARRIED,대구시,달성군,44,-1.2
238,MALE,30대,자영업,MARRIED,서울시,강북구,M,0.3
239,MALE,40대,직장인,MARRIED,대구시,달서구,S,1.3
240,MALE,20대,자영업,SINGLE,서울시,강남구,M,0.3
241,FEMALE,50대,계약직,MARRIED,충청도,진천군,55,-1.9
242,FEMALE,50대,직장인,MARRIED,광주시,서구(광주),44,1.6
243,FEMALE,30대,직장인,MARRIED,서울시,양천구,55,-1.4
244,FEMALE,30대,직장인,MARRIED,경기도,포천시,44,-1.4
245,FEMALE,20대,전문직,MARRIED,전라도,해남군,44,0.1
246,MALE,50대,무직,MARRIED,광주시,서구(광주),XL,0.9
247,MALE,20대,자영업,SINGLE,대구시,달서구,M,2.1
248,FEMALE,20대,직장인,MARRIED,서울시,강남구,55,2.2
249,FEMALE,30대,전문직,MARRIED,경기도,가평군,77,-0.7
250,FEMALE,50대,직장인,MARRIED,경상도,하동군,55,-1.0
251,MALE,50대,전문직,MARRIED,광주시,서구(광주),L,0.8
252,FEMALE,20대,계약직,SINGLE,대구시,수성구,55,-0.1
253,FEMALE,40대,직장인,MARRIED,서울시,강북구,44,1.0
254,FEMALE,20대,전문직,MARRIED,대구시,수성구,55,-1.6
255,FEMALE,30대,자영업,MARRIED,충청도,홍성군,44,0.3
256,FEMALE,30대,자영업,SINGLE,대구시,수성구,55,1.6
257,MALE,20대,자영업,MARRIED,광주시,광산구,M,-0.6
258,FEMALE,40대,자영업,MARRIED,광주시,서구(광주),55,-0.9
259,MALE,30대,자영업,MARRIED,광주시,서구(광주),S,0.6
260,MALE,30대,직장인,MARRIED,경기도,안양시,M,0.2
261,FEMALE,20대,자영업,MARRIED,전라도,곡성군,44,-0.4
262,MALE,40대,직장인,MARRIED,서울시,양천구,S,-0.0
263,MALE,20대,자영업,SINGLE,대구시,수성구,XL,-0.5
264,FEMALE,50대,자영업,MARRIED,경상도,남구(포항시),66,-0.2
265,FEMALE,60대 이상,직장인,SINGLE,경상도,거제시,55,-0.8
266,MALE,50대,전문직,MARRIED,대구시,달서구,M,1.7
267,MALE,50대,직장인,MARRIED,대구시,수성구,L,0.8
268,FEMALE,50대,직장인,MARRIED,전라도,곡성군,55,-1.2
269,MALE,20대,전문직,MARRIED,경상도,함안군,S,1.0
270,MALE,40대,전문직,MARRIED,서울시,강동구,L,1.1
271,FEMALE,40대,자영업,MARRIED,대구시,달성군,44,0.2
272,MALE,40대,전문직,SINGLE,경상도,남구(포항시),M,-0.8
273,MALE,50대,직장인,MARRIED,전라도,광양시,S,1.9
274,MALE,50대,직장인,SINGLE,서울시,양천구,XL,-0.2
275,FEMALE,20대,직장인,SINGLE,경상도,북구(포항시),44,0.0
276,FEMALE,30대,자영업,MARRIED,경상도,함안군,55,0.7
277,FEMALE,20대,직장인,MARRIED,전라도,해남군,55,2.3
278,FEMALE,20대,전문직,SINGLE,충청도,천안시,44,1.5
279,FEMALE,30대,전문직,SINGLE,전라도,광양시,55,0.5
280,FEMALE,30대,계약직,SINGLE,대구시,달서구,55,-0.6
281,FEMALE,미상,계약직,SINGLE,대구시,수성구,66,0.3
282,FEMALE,60대 이상,직장인,MARRIED,전라도,곡성군,55,1.3
283,MALE,50대,전문직,SINGLE,광주시,서구(광주),M,-0.2
284,FEMALE,40대,직장인,MARRIED,광주시,서구(광주),44,2.2
285,FEMALE,40대,직장인,MARRIED,대구시,수성구,44,1.0
286,FEMALE,60대 이상,직장인,MARRIED,경상도,북구(포항시),44,0.8
287,FEMALE,20대,전문직,MARRIED,경기도,안양시,55,1.8
288,MALE,40대,직장인,MARRIED,경기도,평택시,S,-1.2
289,FEMALE,40대,자영업,SINGLE,서울시,강남구,44,0.6
290,MALE,30대,전문직,SINGLE,서울시,양천구,M,1.4
291,FEMALE,20대,자영업,MARRIED,전라도,해남군,66,-1.4
292,FEMALE,20대,계약직,MARRIED,대구시,중구(대구),44,0.8
293,MALE,60대 이상,직장인,MARRIED,경기도,평택시,L,0.9
294,FEMALE,20대,자영업,SINGLE,대구시,북구(대구),55,1.0
295,FEMALE,30대,자영업,MARRIED,광주시,광산구,44,-0.0
296,MALE,30대,전문직,MARRIED,대구시,달서구,S,0.4
297,MALE,20대,직장인,SINGLE,서울시,양천구,M,1.1
298,FEMALE,30대,계약직,MARRIED,서울시,강남구,44,1.0
299,FEMALE,40대,직장인,SINGLE,경기도,안양시,55,0.9
300,FEMALE,50대,자영업,MARRIED,광주시,북구(광주),55,0.4
301,FEMALE,60대 이상,직장인,MARRIED,서울시,강북구,55,0.0
302,FEMALE,40대,직장인,SINGLE,경기도,안양시,66,2.2
303,FEMALE,50대,전문직,MARRIED,서울시,강남구,55,1.4
304,FEMALE,20대,직장인,MARRIED,대구시,달서구,66,2.6
305,MALE,50대,전문직,MARRIED,광주시,서구(광주),S,1.4
306,MALE,30대,직장인,SINGLE,경상도,북구(포항시),S,-0.3
307,FEMALE,20대,직장인,SINGLE,경기도,평택시,55,-1.0
308,MALE,20대,직장인,MARRIED,충청도,진천군,L,0.8
309,MALE,30대,직장인,MARRIED,광주시,북구(광주),M,2.4
310,FEMALE,50대,직장인,SINGLE,서울시,강남구,66,1.3
311,FEMALE,30대,직장인,MARRIED,경기도,안양시,44,-1.5
312,FEMALE,20대,직장인,SINGLE,광주시,북구(광주),66,0.0
313,FEMALE,50대,직장인,MARRIED,대구시,달서구,44,-0.7
314,FEMALE,40대,전문직,MARRIED,대구시,수성구,66,0.6
315,MALE,50대,전문직,SINGLE,서울시,마포구,S,1.2
316,FEMALE,40대,전문직,MARRIED,전라도,해남군,44,-0.2
317,MALE,20대,자영업,SINGLE,광주시,서구(광주),S,0.7
318,FEMALE,60대 이상,직장인,MARRIED,서울시,양천구,44,0.9
319,MALE,50대,전문직,MARRIED,전라도,구례군,S,-1.3
320,FEMALE,60대 이상,전문직,SINGLE,경상도,남구(포항시),55,0.4
321,MALE,50대,자영업,MARRIED,충청도,천안시,L,0.4
322,FEMALE,40대,직장인,MARRIED,전라도,곡성군,44,-1.0
323,MALE,30대,직장인,SINGLE,서울시,양천구,L,1.3
324,FEMALE,30대,자영업,MARRIED,광주시,서구(광주),44,1.9
325,FEMALE,60대 이상,자영업,SINGLE,대구시,달서구,44,1.6
326,FEMALE,50대,직장인,SINGLE,서울시,양천구,66,1.0
327,MALE,40대,직장인,MARRIED,경상도,함안군,S,0.2
328,FEMALE,40대,전문직,SINGLE,전라도,곡성군,55,-0.2
329,MALE,50대,직장인,MARRIED,경상도,북구(포항시),M,-1.3
330,FEMALE,20대,학생,MARRIED,충청도,충주시,44,-1.1
331,FEMALE,50대,전문직,SINGLE,경상도,하동군,66,0.5
332,FEMALE,30대,계약직,SINGLE,경기도,안양시,44,-1.3
333,FEMALE,30대,직장인,SINGLE,광주시,서구(광주),44,0.6
334,MALE,20대,자영업,MARRIED,경기도,포천시,M,0.5
335,MALE,40대,계약직,MARRIED,서울시,양천구,L,0.3
336,FEMALE,40대,전문직,MARRIED,대구시,수성구,44,0.5
337,FEMALE,40대,직장인,SINGLE,서울시,마포구,44,-0.1
338,MALE,40대,직장인,SINGLE,경기도,포천시,XL,1.3
339,FEMALE,40대,직장인,MARRIED,경상도,함안군,66,-0.8
340,FEMALE,40대,직장인,MARRIED,충청도,홍성군,44,-0.2
341,FEMALE,50대,전문직,SINGLE,경상도,남구(포항시),55,1.2
342,FEMALE,20대,전문직,SINGLE,서울시,강남구,44,0.7
343,FEMALE,30대,직장인,MARRIED,전라도,해남군,44,0.9
344,FEMALE,40대,전문직,MARRIED,충청도,충주시,44,1.2
345,FEMALE,20대,직장인,SINGLE,서울시,양천구,66,1.0
346,MALE,30대,전문직,SINGLE,전라도,익산시,S,0.7
347,MALE,50대,직장인,MARRIED,충청도,청주시,L,-0.9
348,FEMALE,30대,직장인,SINGLE,대구시,수성구,44,0.3
349,MALE,20대,전문직,MARRIED,광주시,남구(광주),L,1.8
350,MALE,60대 이상,직장인,MARRIED,광주시,서구(광주),M,-0.2
351,FEMALE,50대,직장인,MARRIED,경기도,포천시,55,-0.2
352,FEMALE,30대,직장인,SINGLE,전라도,광양시,55,0.9
353,MALE,30대,전문직,MARRIED,전라도,익산시,L,-1.2
354,FEMALE,30대,직장인,SINGLE,대구시,수성구,55,2.1
355,MALE,50대,직장인,MARRIED,충청도,홍성군,L,0.8
356,FEMALE,30대,전문직,MARRIED,대구시,수성구,44,-0.2
357,FEMALE,40대,자영업,MARRIED,광주시,서구(광주),55,-0.0
358,FEMALE,20대,직장인,MARRIED,전라도,해남군,66,0.8
359,FEMALE,50대,자영업,MARRIED,전라도,곡성군,66,0.5
360,FEMALE,30대,계약직,SINGLE,대구시,수성구,66,-0.2
361,FEMALE,40대,계약직,SINGLE,전라도,해남군,66,2.4
362,FEMALE,40대,전문직,SINGLE,경상도,거제시,66,1.3
363,FEMALE,30대,전문직,SINGLE,전라도,곡성군,66,-0.0
364,MALE,60대 이상,직장인,MARRIED,대구시,수성구,L,2.1
365,MALE,30대,전문직,MARRIED,경상도,하동군,M,0.1
366,FEMALE,50대,자영업,MARRIED,전라도,구례군,55,2.2
367,FEMALE,30대,전문직,MARRIED,대구시,달성군,55,-0.0
368,FEMALE,50대,직장인,MARRIED,광주시,북구(광주),77,-1.2
369,MALE,20대,학생,MARRIED,경상도,남구(포항시),L,-0.0
370,FEMALE,20대,전문직,MARRIED,경상도,하동군,66,-0.5
371,FEMALE,50대,직장인,MARRIED,경기도,안양시,55,-0.7
372,FEMALE,50대,전문직,MARRIED,경기도,가평군,55,1.7
373,FEMALE,50대,자영업,SINGLE,경상도,거제시,66,-0.6
374,FEMALE,20대,계약직,SINGLE,서울시,양천구,55,0.8
375,FEMALE,50대,전문직,SINGLE,경상도,북구(포항시),44,0.0
376,FEMALE,30대,자영업,SINGLE,서울시,마포구,44,0.4
377,MALE,40대,자영업,MARRIED,대구시,중구(대구),XL,-1.6
378,FEMALE,50대,직장인,SINGLE,대구시,수성구,77,1.9
379,MALE,20대,직장인,MARRIED,경상도,북구(포항시),M,1.6
380,FEMALE,20대,계약직,SINGLE,충청도,홍성군,44,-1.2
381,MALE,50대,직장인,MARRIED,대구시,수성구,L,1.1
382,FEMALE,30대,자영업,MARRIED,충청도,충주시,55,1.9
383,FEMALE,50대,전문직,MARRIED,경기도,화성시,55,-0.8
384,MALE,40대,자영업,MARRIED,경기도,포천시,L,0.0
385,MALE,40대,전문직,MARRIED,서울시,강남구,XL,1.4
386,FEMALE,20대,계약직,SINGLE,경기도,포천시,44,0.5
387,FEMALE,40대,직장인,MARRIED,서울시,강남구,55,0.7
388,MALE,50대,직장인,MARRIED,전라도,구례군,M,1.0
389,MALE,40대,직장인,SINGLE,대구시,북구(대구),M,0.1
390,MALE,20대,자영업,SINGLE,서울시,강북구,L,1.2
391,FEMALE,40대,직장인,MARRIED,서울시,강북구,44,0.5
392,MALE,50대,직장인,MARRIED,경기도,평택시,L,-0.7
393,FEMALE,50대,직장인,MARRIED,대구시,달성군,55,1.6
394,FEMALE,20대,자영업,MARRIED,대구시,달성군,55,-0.7
395,FEMALE,50대,전문직,SINGLE,전라도,곡성군,44,-2.1
396,FEMALE,30대,전문직,MARRIED,전라도,구례군,66,1.0
397,FEMALE,40대,직장인,MARRIED,서울시,양천구,44,0.5
398,FEMALE,20대,자영업,MARRIED,서울시,양천구,55,0.4
399,FEMALE,20대,학생,SINGLE,전라도,익산시,44,-0.1
400,FEMALE,40대,전문직,SINGLE,광주시,북구(광주),66,-0.5
401,FEMALE,30대,전문직,MARRIED,충청도,진천군,66,-2.7
402,FEMALE,40대,직장인,SINGLE,대구시,수성구,44,0.6
403,FEMALE,60대 이상,전문직,MARRIED,광주시,서구(광주),44,0.8
404,FEMALE,50대,자영업,MARRIED,서울시,강동구,66,-0.1
405,FEMALE,30대,자영업,MARRIED,충청도,청주시,55,2.5
406,MALE,30대,직장인,MARRIED,충청도,홍성군,L,-1.5
407,FEMALE,40대,직장인,SINGLE,광주시,서구(광주),66,1.7
408,MALE,40대,직장인,MARRIED,경기도,안양시,M,1.4
409,MALE,20대,계약직,MARRIED,광주시,북구(광주),M,1.7
410,FEMALE,30대,직장인,MARRIED,전라도,광양시,66,-0.3
411,MALE,50대,전문직,MARRIED,광주시,서구(광주),S,1.8
412,MALE,40대,계약직,MARRIED,광주시,서구(광주),XL,1.3
413,FEMALE,40대,직장인,SINGLE,경기도,가평군,55,0.9
414,FEMALE,20대,전문직,MARRIED,충청도,진천군,66,0.4
415,FEMALE,20대,직장인,MARRIED,경기도,포천시,55,0.8
416,FEMALE,30대,전문직,MARRIED,서울시,양천구,44,-2.1
417,FEMALE,40대,직장인,MARRIED,서울시,마포구,66,2.0
418,FEMALE,40대,직장인,MARRIED,경상도,북구(포항시),55,1.1
419,FEMALE,20대,직장인,MARRIED,서울시,양천구,66,1.4
420,MALE,40대,직장인,SINGLE,전라도,광양시,XL,0.0
421,FEMALE,20대,자영업,MARRIED,서울시,마포구,44,1.2
422,FEMALE,20대,직장인,MARRIED,전라도,곡성군,44,0.1
423,MALE,50대,계약직,SINGLE,충청도,천안시,L,0.7
424,FEMALE,50대,직장인,MARRIED,전라도,광양시,44,-0.6
425,FEMALE,40대,전문직,MARRIED,경상도,북구(포항시),55,1.1
426,FEMALE,40대,자영업,MARRIED,서울시,강남구,66,0.6
427,MALE,50대,직장인,MARRIED,대구시,북구(대구),M,-1.7
428,MALE,30대,직장인,MARRIED,경기도,화성시,L,-0.8
429,FEMALE,20대,직장인,MARRIED,충청도,홍성군,55,0.4
430,FEMALE,30대,직장인,MARRIED,경기도,화성시,55,1.1
431,FEMALE,40대,직장인,MARRIED,충청도,충주시,44,1.1
432,MALE,20대,자영업,MARRIED,경상도,함안군,L,1.7
433,FEMALE,40대,직장인,MARRIED,광주시,서구(광주),66,3.5
434,MALE,50대,직장인,MARRIED,충청도,청주시,S,0.6
435,FEMALE,50대,직장인,MARRIED,광주시,서구(광주),44,1.4
436,MALE,50대,직장인,SINGLE,광주시,동구(광주),S,-1.3
437,MALE,20대,계약직,MARRIED,전라도,익산시,L,0.2
438,FEMALE,30대,직장인,MARRIED,전라도,광양시,55,0.4
439,MALE,50대,전문직,SINGLE,충청도,청주시,M,-0.3
440,FEMALE,50대,계약직,SINGLE,경상도,하동군,55,-1.4
441,MALE,20대,자영업,MARRIED,대구시,달서구,XL,1.5
442,MALE,30대,전문직,SINGLE,충청도,청주시,S,1.3
443,FEMALE,30대,직장인,MARRIED,광주시,서구(광주),55,-0.8
444,FEMALE,60대 이상,전문직,MARRIED,서울시,마포구,55,0.8
445,FEMALE,40대,전문직,SINGLE,서울시,양천구,55,0.6
446,FEMALE,20대,직장인,SINGLE,서울시,양천구,55,0.3
447,MALE,40대,전문직,MARRIED,광주시,광산구,S,-1.6
448,FEMALE,50대,직장인,MARRIED,경상도,북구(포항시),55,0.2
449,FEMALE,20대,직장인,MARRIED,서울시,강동구,55,-0.6
450,FEMALE,60대 이상,직장인,MARRIED,서울시,강남구,55,0.4
451,FEMALE,20대,자영업,MARRIED,서울시,강남구,44,1.3
452,FEMALE,20대,자영업,MARRIED,경기도,포천시,55,1.6
453,FEMALE,60대 이상,직장인,MARRIED,광주시,서구(광주),66,0.5
454,FEMALE,50대,전문직,MARRIED,경기도,안양시,77,0.9
455,FEMALE,50대,직장인,SINGLE,서울시,강남구,44,-0.3
456,MALE,40대,직장인,SINGLE,경기도,평택시,L,1.4
457,FEMALE,50대,직장인,MARRIED,광주시,북구(광주),44,0.7
458,FEMALE,30대,직장인,MARRIED,경기도,가평군,55,0.6
459,FEMALE,50대,자영업,MARRIED,광주시,서구(광주),66,2.0
460,FEMALE,40대,자영업,SINGLE,광주시,북구(광주),66,1.5
461,FEMALE,60대 이상,직장인,MARRIED,충청도,충주시,66,0.5
462,FEMALE,50대,직장인,MARRIED,광주시,남구(광주),66,1.1
463,FEMALE,40대,전문직,MARRIED,서울시,마포구,55,1.5
464,FEMALE,20대,직장인,MARRIED,서울시,양천구,55,2.3
465,FEMALE,50대,직장인,SINGLE,경상도,북구(포항시),55,0.5
466,MALE,50대,직장인,SINGLE,충청도,청주시,L,0.6
467,FEMALE,50대,직장인,MARRIED,경기도,평택시,55,1.1
468,MALE,50대,전문직,MARRIED,광주시,서구(광주),M,0.5
469,FEMALE,60대 이상,직장인,SINGLE,전라도,곡성군,66,-1.8
470,MALE,50대,계약직,MARRIED,경기도,가평군,S,-0.9
471,MALE,50대,계약직,MARRIED,서울시,강남구,M,0.8
472,MALE,30대,직장인,MARRIED,경상도,남구(포항시),M,-0.3
473,FEMALE,40대,직장인,MARRIED,충청도,청주시,44,0.2
474,FEMALE,20대,직장인,MARRIED,서울시,강남구,55,0.4
475,FEMALE,20대,전문직,MARRIED,서울시,강동구,66,0.3
476,MALE,20대,직장인,MARRIED,경상도,북구(포항시),L,0.7
477,MALE,60대 이상,직장인,MARRIED,경상도,남구(포항시),M,0.0
478,FEMALE,50대,전문직,MARRIED,전라도,구례군,44,-1.3
479,FEMALE,40대,직장인,SINGLE,광주시,서구(광주),44,1.5
480,FEMALE,20대,자영업,MARRIED,서울시,강동구,44,0.3
481,FEMALE,30대,전문직,SINGLE,충청도,청주시,66,0.2
482,FEMALE,50대,직장인,MARRIED,서울시,양천구,77,0.4
483,FEMALE,30대,계약직,MARRIED,대구시,달성군,66,-1.9
484,FEMALE,40대,직장인,MARRIED,서울시,양천구,44,-0.2
485,FEMALE,30대,직장인,MARRIED,경기도,포천시,55,0.4
486,FEMALE,미상,직장인,MARRIED,서울시,강남구,66,1.5
487,MALE,30대,전문직,MARRIED,대구시,수성구,S,2.0
488,FEMALE,40대,계약직,SINGLE,대구시,달서구,66,1.6
489,FEMALE,30대,직장인,MARRIED,대구시,수성구,44,-1.3
490,FEMALE,30대,자영업,MARRIED,서울시,강남구,44,1.3
491,FEMALE,20대,직장인,SINGLE,대구시,달서구,66,0.3
492,MALE,50대,자영업,MARRIED,전라도,익산시,M,1.0
493,FEMALE,50대,직장인,SINGLE,경기도,평택시,44,0.6
494,MALE,20대,자영업,MARRIED,전라도,곡성군,M,-0.1
495,FEMALE,40대,전문직,MARRIED,경기도,가평군,66,-0.2
496,MALE,30대,직장인,MARRIED,대구시,중구(대구),L,3.5
497,FEMALE,30대,직장인,MARRIED,서울시,마포구,55,0.6
498,FEMALE,30대,전문직,MARRIED,경기도,화성시,66,1.2
499,FEMALE,60대 이상,직장인,MARRIED,경기도,포천시,44,1.2
500,MALE,30대,전문직,SINGLE,충청도,진천군,M,1.3
501,FEMALE,60대 이상,직장인,MARRIED,광주시,광산구,44,0.5
502,FEMALE,20대,직장인,SINGLE,광주시,서구(광주),44,0.5
503,FEMALE,40대,직장인,MARRIED,서울시,양천구,55,0.5
504,FEMALE,30대,전문직,SINGLE,경기도,안양시,44,0.3
505,MALE,30대,계약직,MARRIED,광주시,서구(광주),L,2.3
506,FEMALE,40대,자영업,SINGLE,서울시,강남구,55,1.5
507,FEMALE,50대,계약직,MARRIED,광주시,서구(광주),44,1.0
508,FEMALE,20대,자영업,MARRIED,대구시,북구(대구),55,2.3
509,MALE,50대,직장인,MARRIED,대구시,수성구,S,1.1
510,MALE,40대,전문직,MARRIED,대구시,수성구,L,2.6
511,MALE,50대,직장인,MARRIED,광주시,동구(광주),L,0.4
512,FEMALE,30대,직장인,MARRIED,서울시,강북구,44,-0.8
513,FEMALE,30대,자영업,MARRIED,경기도,가평군,44,2.1
514,FEMALE,30대,직장인,MARRIED,경상도,하동군,55,0.4
515,FEMALE,50대,전문직,MARRIED,경상도,남구(포항시),55,-2.0
516,MALE,40대,전문직,MARRIED,서울시,강남구,S,2.1
517,MALE,50대,전문직,MARRIED,광주시,서구(광주),L,0.5
518,FEMALE,20대,자영업,MARRIED,전라도,익산시,66,-0.0
519,FEMALE,20대,직장인,MARRIED,서울시,양천구,44,1.5
520,FEMALE,30대,전문직,MARRIED,전라도,광양시,55,0.9
521,FEMALE,20대,직장인,MARRIED,대구시,수성구,44,0.5
522,FEMALE,30대,직장인,SINGLE,대구시,북구(대구),55,-0.5
523,FEMALE,50대,직장인,MARRIED,광주시,서구(광주),44,0.7
524,FEMALE,50대,자영업,MARRIED,서울시,강북구,44,0.7
525,MALE,30대,자영업,MARRIED,대구시,달성군,L,-0.5
526,FEMALE,40대,직장인,SINGLE,서울시,양천구,55,1.3
527,FEMALE,60대 이상,직장인,MARRIED,전라도,광양시,77,0.2
528,FEMALE,30대,직장인,SINGLE,경상도,함안군,77,-1.5
529,MALE,50대,자영업,MARRIED,서울시,마포구,M,2.8
530,MALE,50대,직장인,MARRIED,충청도,홍성군,XL,0.5
531,FEMALE,20대,직장인,SINGLE,서울시,마포구,55,0.4
532,FEMALE,30대,직장인,SINGLE,경상도,남구(포항시),44,2.1
533,MALE,20대,계약직,SINGLE,전라도,익산시,L,0.6
534,FEMALE,60대 이상,계약직,SINGLE,경상도,남구(포항시),44,-0.7
535,MALE,50대,자영업,MARRIED,서울시,강남구,M,0.1
536,MALE,40대,전문직,MARRIED,충청도,홍성군,M,0.4
537,MALE,30대,직장인,MARRIED,서울시,강남구,M,0.9
538,FEMALE,40대,직장인,SINGLE,서울시,양천구,55,-0.6
539,FEMALE,50대,직장인,SINGLE,충청도,충주시,66,-0.6
540,FEMALE,20대,직장인,MARRIED,경상도,남구(포항시),77,-0.3
541,MALE,50대,직장인,SINGLE,경기도,안양시,L,-0.1
542,FEMALE,50대,직장인,MARRIED,충청도,청주시,44,0.7
543,FEMALE,20대,계약직,SINGLE,서울시,강남구,55,1.1
544,FEMALE,40대,전문직,SINGLE,충청도,천안시,44,1.4
545,FEMALE,50대,전문직,MARRIED,광주시,서구(광주),55,0.8
546,FEMALE,50대,직장인,SINGLE,광주시,서구(광주),55,-0.0
547,MALE,40대,직장인,MARRIED,광주시,서구(광주),L,1.6
548,FEMALE,30대,직장인,MARRIED,서울시,강남구,55,1.5
549,FEMALE,40대,자영업,MARRIED,대구시,달서구,44,0.6
550,MALE,20대,직장인,MARRIED,서울시,강남구,M,3.1
551,FEMALE,30대,자영업,MARRIED,광주시,동구(광주),44,1.3
552,FEMALE,40대,전문직,SINGLE,경기도,화성시,66,1.8
553,FEMALE,40대,직장인,MARRIED,서울시,양천구,44,-2.1
554,FEMALE,30대,전문직,MARRIED,경기도,포천시,55,-0.1
555,MALE,20대,자영업,MARRIED,대구시,수성구,L,-0.1
556,FEMALE,50대,직장인,MARRIED,경기도,포천시,66,0.8
557,MALE,30대,직장인,MARRIED,서울시,마포구,L,2.3
558,MALE,40대,직장인,MARRIED,경기도,가평군,L,0.8
559,FEMALE,30대,직장인,SINGLE,광주시,서구(광주),66,0.1
560,MALE,20대,직장인,MARRIED,서울시,강동구,L,1.3
561,FEMALE,50대,계약직,SINGLE,충청도,홍성군,55,-0.8
562,FEMALE,40대,직장인,MARRIED,대구시,중구(대구),44,0.5
563,FEMALE,50대,전문직,MARRIED,서울시,강남구,77,0.8
564,FEMALE,20대,자영업,MARRIED,경기도,평택시,44,-0.0
565,FEMALE,40대,직장인,MARRIED,광주시,서구(광주),55,0.0
566,FEMALE,30대,자영업,MARRIED,대구시,달서구,66,1.2
567,MALE,20대,전문직,MARRIED,광주시,광산구,L,1.4
568,MALE,60대 이상,직장인,MARRIED,서울시,마포구,L,0.5
569,FEMALE,40대,직장인,SINGLE,서울시,강남구,66,1.0
570,FEMALE,30대,전문직,SINGLE,충청도,진천군,44,-1.0
571,MALE,40대,전문직,MARRIED,전라도,해남군,S,0.2
572,FEMALE,30대,직장인,SINGLE,대구시,수성구,55,0.2
573,FEMALE,40대,전문직,MARRIED,서울시,양천구,66,1.4
574,FEMALE,30대,전문직,SINGLE,경상도,하동군,66,-0.1
575,FEMALE,20대,직장인,SINGLE,서울시,강남구,55,0.6
576,MALE,30대,직장인,MARRIED,서울시,강남구,M,0.2
577,MALE,20대,자영업,MARRIED,경기도,가평군,M,-1.2
578,FEMALE,40대,전문직,SINGLE,서울시,양천구,55,2.6
579,FEMALE,50대,직장인,SINGLE,광주시,서구(광주),44,1.1
580,FEMALE,40대,직장인,MARRIED,광주시,동구(광주),44,-0.5
581,MALE,20대,전문직,MARRIED,대구시,달서구,L,0.5
582,FEMALE,20대,계약직,MARRIED,광주시,서구(광주),66,1.1
583,MALE,40대,직장인,SINGLE,서울시,강동구,M,1.2
584,FEMALE,50대,직장인,MARRIED,대구시,수성구,44,1.5
585,FEMALE,30대,직장인,MARRIED,경상도,북구(포항시),44,-0.7
586,FEMALE,20대,전문직,SINGLE,경기도,안양시,44,-1.0
587,FEMALE,40대,전문직,MARRIED,경상도,거제시,66,0.3
588,MALE,40대,직장인,MARRIED,전라도,구례군,L,0.2
589,FEMALE,30대,직장인,SINGLE,경기도,포천시,77,-0.7
590,FEMALE,30대,계약직,SINGLE,대구시,수성구,55,2.3
591,FEMALE,20대,자영업,SINGLE,대구시,중구(대구),44,1.2
592,FEMALE,20대,직장인,SINGLE,서울시,강남구,55,1.0
593,MALE,20대,전문직,SINGLE,서울시,강동구,M,1.4
594,MALE,20대,자영업,MARRIED,광주시,광산구,L,-0.3
595,FEMALE,50대,직장인,SINGLE,충청도,홍성군,44,-0.4
596,FEMALE,30대,자영업,SINGLE,서울시,양천구,44,-0.4
597,MALE,20대,자영업,SINGLE,서울시,양천구,L,1.0
598,MALE,40대,직장인,MARRIED,경상도,함안군,L,0.4
599,FEMALE,30대,계약직,MARRIED,충청도,진천군,66,-0.7
600,FEMALE,50대,직장인,MARRIED,충청도,진천군,44,0.6
601,MALE,20대,전문직,SINGLE,전라도,곡성군,S,0.3
602,FEMALE,30대,자영업,MARRIED,경기도,포천시,55,1.0
603,FEMALE,40대,전문직,MARRIED,충청도,홍성군,55,0.3
604,MALE,30대,전문직,MARRIED,대구시,수성구,M,0.9
605,FEMALE,60대 이상,자영업,MARRIED,서울시,양천구,66,1.3
606,FEMALE,50대,직장인,MARRIED,경상도,하동군,55,-1.3
607,FEMALE,30대,직장인,SINGLE,경상도,거제시,55,-0.4
608,MALE,50대,직장인,SINGLE,서울시,양천구,M,1.6
609,FEMALE,30대,직장인,MARRIED,경상도,북구(포항시),66,0.1
610,MALE,20대,직장인,MARRIED,경상도,남구(포항시),L,0.9
611,FEMALE,50대,자영업,MARRIED,대구시,달서구,44,0.2
612,MALE,50대,계약직,MARRIED,서울시,양천구,L,1.3
613,FEMALE,30대,전문직,MARRIED,서울시,강남구,55,-0.1
614,FEMALE,30대,직장인,SINGLE,광주시,서구(광주),44,0.6
615,FEMALE,30대,자영업,MARRIED,서울시,강남구,55,1.2
616,FEMALE,50대,전문직,MARRIED,경상도,남구(포항시),44,-1.0
617,FEMALE,20대,자영업,MARRIED,대구시,수성구,66,0.7
618,MALE,30대,직장인,SINGLE,광주시,북구(광주),M,0.5
619,FEMALE,40대,계약직,SINGLE,충청도,진천군,55,-0.7
620,MALE,30대,자영업,MARRIED,대구시,수성구,XL,0.2
621,FEMALE,40대,자영업,MARRIED,서울시,강남구,66,2.5
622,FEMALE,40대,전문직,MARRIED,대구시,달서구,44,1.9
623,FEMALE,40대,전문직,SINGLE,광주시,서구(광주),55,1.6
624,FEMALE,60대 이상,직장인,SINGLE,서울시,마포구,44,1.4
625,MALE,40대,자영업,MARRIED,서울시,양천구,L,1.0
626,MALE,40대,자영업,MARRIED,대구시,수성구,M,0.8
627,FEMALE,40대,직장인,MARRIED,대구시,달성군,66,2.7
628,FEMALE,30대,직장인,MARRIED,충청도,청주시,44,1.1
629,FEMALE,40대,직장인,MARRIED,서울시,양천구,44,0.3
630,FEMALE,30대,직장인,MARRIED,광주시,서구(광주),77,0.4
631,MALE,30대,전문직,MARRIED,대구시,수성구,S,1.0
632,FEMALE,30대,전문직,MARRIED,서울시,강남구,55,-0.0
633,FEMALE,40대,전문직,MARRIED,서울시,강남구,44,1.4
634,FEMALE,20대,학생,MARRIED,서울시,강남구,44,1.4
635,FEMALE,40대,전문직,SINGLE,경기도,가평군,44,-0.5
636,FEMALE,20대,자영업,MARRIED,광주시,광산구,55,1.2
637,FEMALE,30대,전문직,MARRIED,광주시,서구(광주),55,-0.5
638,FEMALE,20대,직장인,MARRIED,충청도,홍성군,55,-0.0
639,FEMALE,40대,직장인,MARRIED,대구시,중구(대구),55,0.2
640,MALE,50대,계약직,MARRIED,서울시,강북구,L,-0.9
641,MALE,40대,직장인,MARRIED,전라도,구례군,S,-1.8
642,FEMALE,40대,직장인,MARRIED,서울시,강남구,55,0.8
643,FEMALE,30대,직장인,SINGLE,대구시,중구(대구),55,-0.2
644,FEMALE,40대,전문직,MARRIED,대구시,달서구,55,1.7
645,FEMALE,50대,직장인,MARRIED,대구시,수성구,44,1.5
646,MALE,50대,직장인,MARRIED,서울시,마포구,S,1.5
647,MALE,50대,직장인,MARRIED,광주시,서구(광주),M,0.7
648,MALE,50대,계약직,SINGLE,전라도,곡성군,L,-2.4
649,MALE,20대,자영업,SINGLE,서울시,강북구,S,0.6
650,FEMALE,40대,직장인,SINGLE,경기도,안양시,55,-1.3
651,FEMALE,40대,직장인,MARRIED,전라도,광양시,44,0.6
652,FEMALE,50대,직장인,MARRIED,경상도,북구(포항시),44,-1.8
653,FEMALE,20대,직장인,SINGLE,전라도,곡성군,44,-1.7
654,MALE,50대,전문직,MARRIED,서울시,양천구,L,2.7
655,MALE,20대,계약직,SINGLE,서울시,양천구,L,2.2
656,FEMALE,40대,자영업,SINGLE,광주시,서구(광주),77,-0.9
657,MALE,40대,직장인,SINGLE,경상도,북구(포항시),M,0.2
658,FEMALE,60대 이상,직장인,SINGLE,광주시,남구(광주),77,0.6
659,FEMALE,50대,직장인,MARRIED,광주시,광산구,66,-0.7
660,FEMALE,50대,직장인,MARRIED,경기도,가평군,55,1.0
661,MALE,40대,직장인,MARRIED,서울시,강동구,M,-0.5
662,FEMALE,50대,직장인,MARRIED,광주시,서구(광주),66,-0.3
663,MALE,40대,자영업,MARRIED,대구시,수성구,L,3.2
664,MALE,20대,전문직,MARRIED,경기도,평택시,M,0.4
665,FEMALE,50대,직장인,MARRIED,대구시,수성구,55,-1.6
666,FEMALE,30대,직장인,SINGLE,광주시,북구(광주),44,0.6
667,MALE,30대,직장인,MARRIED,경기도,포천시,L,1.1
668,FEMALE,20대,계약직,SINGLE,대구시,달성군,55,2.2
669,FEMALE,60대 이상,직장인,MARRIED,서울시,양천구,44,1.0
670,FEMALE,20대,자영업,MARRIED,경상도,거제시,55,-0.5
671,FEMALE,60대 이상,전문직,MARRIED,광주시,서구(광주),66,1.1
672,FEMALE,20대,직장인,MARRIED,광주시,서구(광주),77,2.5
673,FEMALE,30대,자영업,MARRIED,전라도,광양시,55,-0.6
674,MALE,20대,학생,MARRIED,경상도,북구(포항시),XL,-0.2
675,FEMALE,50대,직장인,SINGLE,전라도,곡성군,44,0.8
676,MALE,40대,전문직,SINGLE,대구시,중구(대구),M,-0.0
677,FEMALE,30대,직장인,MARRIED,서울시,강남구,44,2.1
678,FEMALE,20대,자영업,MARRIED,경상도,남구(포항시),55,-0.4
679,FEMALE,30대,직장인,SINGLE,충청도,충주시,77,-0.9
680,FEMALE,20대,계약직,MARRIED,광주시,북구(광주),66,-1.8
681,MALE,50대,계약직,MARRIED,전라도,곡성군,M,0.8
682,FEMALE,50대,직장인,SINGLE,서울시,강남구,44,2.3
683,FEMALE,50대,직장인,SINGLE,서울시,양천구,44,1.5
684,MALE,40대,자영업,MARRIED,대구시,달성군,L,1.0
685,FEMALE,60대 이상,직장인,SINGLE,광주시,북구(광주),66,-0.3
686,FEMALE,20대,직장인,MARRIED,대구시,북구(대구),44,0.1
687,FEMALE,50대,전문직,SINGLE,대구시,달성군,55,0.9
688,FEMALE,20대,자영업,SINGLE,전라도,곡성군,66,-0.3
689,FEMALE,20대,자영업,SINGLE,대구시,중구(대구),66,1.1
690,FEMALE,30대,직장인,MARRIED,대구시,수성구,66,1.6
691,FEMALE,40대,직장인,SINGLE,대구시,북구(대구),44,1.7
692,MALE,30대,직장인,MARRIED,서울시,양천구,M,0.3
693,MALE,60대 이상,자영업,MARRIED,광주시,남구(광주),L,-0.4
694,FEMALE,20대,계약직,MARRIED,서울시,강동구,44,0.3
695,FEMALE,60대 이상,직장인,SINGLE,광주시,광산구,44,0.3
696,FEMALE,20대,직장인,SINGLE,광주시,북구(광주),55,0.1
697,FEMALE,60대 이상,자영업,MARRIED,대구시,수성구,55,1.5
698,MALE,40대,직장인,MARRIED,서울시,마포구,L,1.5
699,FEMALE,40대,직장인,MARRIED,경상도,하동군,44,1.2
700,FEMALE,40대,전문직,MARRIED,대구시,달성군,44,0.5
701,FEMALE,40대,계약직,SINGLE,전라도,구례군,66,0.5
702,MALE,50대,직장인,MARRIED,경상도,하동군,XL,0.3
703,FEMALE,50대,직장인,SINGLE,경기도,가평군,55,0.4
704,FEMALE,20대,직장인,MARRIED,서울시,강북구,44,1.2
705,MALE,50대,직장인,MARRIED,광주시,광산구,L,-0.8
706,FEMALE,50대,자영업,MARRIED,대구시,달서구,66,-0.6
707,FEMALE,40대,직장인,MARRIED,서울시,강북구,66,-0.0
708,FEMALE,40대,계약직,MARRIED,광주시,서구(광주),44,1.4
709,MALE,40대,직장인,MARRIED,대구시,중구(대구),M,0.2
710,MALE,50대,계약직,SINGLE,대구시,수성구,S,0.5
711,FEMALE,40대,직장인,MARRIED,광주시,서구(광주),55,1.3
712,FEMALE,50대,전문직,MARRIED,서울시,양천구,44,2.0
713,MALE,20대,자영업,MARRIED,서울시,강남구,S,0.7
714,FEMALE,40대,직장인,SINGLE,충청도,충주시,55,0.3
715,FEMALE,20대,학생,MARRIED,경상도,거제시,44,1.1
716,MALE,30대,전문직,SINGLE,전라도,구례군,L,0.4
717,MALE,50대,전문직,MARRIED,대구시,달서구,S,1.5
718,FEMALE,30대,계약직,SINGLE,충청도,천안시,44,0.3
719,MALE,30대,전문직,MARRIED,서울시,양천구,S,0.3
720,MALE,50대,직장인,MARRIED,광주시,서구(광주),S,0.4
721,FEMALE,20대,전문직,SINGLE,전라도,광양시,44,1.6
722,FEMALE,40대,자영업,SINGLE,광주시,서구(광주),66,1.3
723,FEMALE,20대,전문직,MARRIED,서울시,마포구,44,1.0
724,FEMALE,20대,계약직,SINGLE,충청도,청주시,55,0.9
725,FEMALE,30대,직장인,SINGLE,서울시,양천구,55,0.7
726,FEMALE,40대,전문직,MARRIED,경상도,함안군,66,-0.3
727,FEMALE,20대,전문직,MARRIED,전라도,구례군,44,-1.4
728,FEMALE,50대,자영업,MARRIED,경상도,거제시,55,0.3
729,FEMALE,50대,직장인,SINGLE,서울시,양천구,55,2.5
730,FEMALE,40대,자영업,SINGLE,광주시,남구(광주),66,0.9
731,FEMALE,30대,자영업,MARRIED,경상도,하동군,44,-0.7
732,FEMALE,50대,직장인,MARRIED,경기도,화성시,44,-0.1
733,FEMALE,50대,직장인,SINGLE,광주시,서구(광주),66,-0.4
734,MALE,50대,직장인,SINGLE,충청도,청주시,M,1.1
735,MALE,40대,전문직,SINGLE,서울시,강북구,S,-0.8
736,FEMALE,20대,전문직,MARRIED,광주시,서구(광주),44,1.1
737,FEMALE,60대 이상,직장인,SINGLE,광주시,서구(광주),44,1.4
738,MALE,40대,직장인,SINGLE,경상도,남구(포항시),S,-1.0
739,FEMALE,20대,자영업,MARRIED,광주시,동구(광주),44,0.8
740,FEMALE,40대,직장인,SINGLE,서울시,강북구,66,-0.6
741,FEMALE,50대,자영업,MARRIED,충청도,홍성군,44,0.3
742,FEMALE,50대,직장인,MARRIED,경기도,화성시,44,3.1
743,FEMALE,20대,직장인,MARRIED,서울시,강남구,44,0.4
744,MALE,30대,직장인,MARRIED,서울시,마포구,M,-0.3
745,MALE,20대,학생,MARRIED,서울시,양천구,M,0.4
746,FEMALE,50대,전문직,SINGLE,대구시,달성군,44,-0.1
747,MALE,20대,전문직,MARRIED,서울시,강남구,M,3.9
748,FEMALE,20대,직장인,SINGLE,광주시,남구(광주),66,0.9
749,FEMALE,20대,자영업,MARRIED,대구시,중구(대구),44,-0.8
750,MALE,40대,직장인,SINGLE,광주시,서구(광주),M,-0.8
751,FEMALE,20대,자영업,SINGLE,대구시,달서구,44,0.8
752,FEMALE,20대,자영업,MARRIED,광주시,서구(광주),44,1.8
753,FEMALE,20대,자영업,MARRIED,충청도,홍성군,44,1.3
754,MALE,20대,직장인,MARRIED,대구시,달성군,S,0.9
755,FEMALE,40대,직장인,SINGLE,광주시,동구(광주),44,-1.1
756,FEMALE,30대,전문직,MARRIED,경상도,거제시,66,0.3
757,FEMALE,20대,직장인,MARRIED,경상도,함안군,44,0.2
758,MALE,50대,자영업,SINGLE,충청도,홍성군,L,-1.7
759,FEMALE,30대,직장인,MARRIED,경상도,북구(포항시),44,-1.2
760,FEMALE,50대,직장인,MARRIED,광주시,광산구,44,-1.6
761,MALE,40대,계약직,SINGLE,광주시,서구(광주),L,1.7
762,FEMALE,30대,직장인,MARRIED,서울시,강남구,44,0.1
763,MALE,30대,직장인,SINGLE,충청도,진천군,M,0.3
764,FEMALE,20대,직장인,MARRIED,광주시,광산구,55,-0.0
765,MALE,40대,자영업,MARRIED,서울시,양천구,L,1.6
766,MALE,20대,직장인,SINGLE,광주시,동구(광주),XL,-0.2
767,MALE,30대,직장인,SINGLE,충청도,홍성군,L,-1.1
768,MALE,40대,자영업,MARRIED,서울시,양천구,L,-0.3
769,FEMALE,60대 이상,전문직,MARRIED,대구시,달성군,44,-0.5
770,FEMALE,50대,자영업,MARRIED,서울시,강남구,44,1.5
771,FEMALE,40대,계약직,MARRIED,전라도,구례군,66,0.6
772,MALE,30대,직장인,MARRIED,서울시,양천구,L,1.1
773,FEMALE,50대,직장인,MARRIED,서울시,강북구,44,1.0
774,MALE,30대,직장인,MARRIED,서울시,강남구,S,1.9
775,FEMALE,30대,직장인,SINGLE,서울시,강북구,66,0.6
776,FEMALE,40대,전문직,SINGLE,전라도,구례군,66,-0.8
777,MALE,40대,전문직,SINGLE,광주시,서구(광주),M,-0.3
778,FEMALE,20대,계약직,MARRIED,서울시,양천구,55,-0.2
779,MALE,50대,직장인,SINGLE,경기도,안양시,M,0.1
780,MALE,40대,직장인,MARRIED,충청도,청주시,M,0.5
781,FEMALE,30대,직장인,MARRIED,경기도,포천시,55,-1.1
782,MALE,20대,학생,SINGLE,서울시,강남구,XL,2.1
783,MALE,40대,자영업,MARRIED,대구시,달서구,L,0.4
784,FEMALE,20대,학생,MARRIED,경기도,안양시,44,0.0
785,MALE,30대,계약직,SINGLE,대구시,수성구,L,0.1
786,FEMALE,30대,직장인,MARRIED,광주시,서구(광주),44,3.6
787,FEMALE,20대,학생,MARRIED,서울시,양천구,55,0.5
788,FEMALE,20대,직장인,MARRIED,대구시,수성구,55,0.3
789,FEMALE,30대,자영업,MARRIED,경기도,포천시,66,-0.4
790,FEMALE,60대 이상,자영업,MARRIED,충청도,충주시,44,-1.1
791,MALE,50대,직장인,MARRIED,서울시,강동구,L,0.1
792,MALE,20대,자영업,SINGLE,충청도,청주시,S,0.7
793,MALE,50대,직장인,SINGLE,충청도,홍성군,L,1.0
794,FEMALE,20대,학생,SINGLE,대구시,수성구,55,1.1
795,FEMALE,30대,직장인,SINGLE,광주시,서구(광주),66,0.3
796,MALE,50대,전문직,MARRIED,경상도,거제시,L,-0.9
797,FEMALE,50대,전문직,MARRIED,전라도,곡성군,44,-0.4
798,MALE,50대,직장인,MARRIED,광주시,서구(광주),L,-0.0
799,MALE,20대,자영업,MARRIED,대구시,중구(대구),S,0.8
800,FEMALE,40대,전문직,SINGLE,전라도,구례군,66,-0.6
801,FEMALE,20대,자영업,SINGLE,광주시,서구(광주),66,1.3
802,MALE,40대,계약직,MARRIED,경상도,북구(포항시),S,1.3
803,FEMALE,20대,학생,MARRIED,경상도,북구(포항시),55,-2.5
804,FEMALE,30대,직장인,MARRIED,경기도,가평군,66,-0.1
805,FEMALE,20대,자영업,SINGLE,충청도,홍성군,44,0.7
806,FEMALE,50대,자영업,SINGLE,충청도,충주시,55,1.4
807,FEMALE,20대,직장인,MARRIED,경상도,북구(포항시),66,-1.1
808,MALE,50대,직장인,SINGLE,전라도,익산시,L,-1.2
809,FEMALE,20대,직장인,MARRIED,경상도,하동군,55,1.5
810,MALE,50대,직장인,SINGLE,서울시,강동구,L,-0.4
811,FEMALE,30대,직장인,SINGLE,서울시,강남구,55,-0.1
812,MALE,60대 이상,전문직,SINGLE,서울시,양천구,L,1.5
813,MALE,50대,계약직,MARRIED,대구시,북구(대구),M,1.3
814,MALE,50대,전문직,MARRIED,광주시,서구(광주),L,1.7
815,FEMALE,50대,직장인,SINGLE,경기도,평택시,66,-1.7
816,FEMALE,30대,직장인,MARRIED,대구시,수성구,66,0.8
817,FEMALE,40대,직장인,MARRIED,서울시,강동구,44,-0.9
818,MALE,60대 이상,직장인,SINGLE,경기도,포천시,L,0.2
819,FEMALE,40대,전문직,MARRIED,광주시,광산구,44,-1.2
820,FEMALE,20대,전문직,MARRIED,서울시,강북구,66,1.3
821,MALE,30대,직장인,MARRIED,전라도,익산시,M,1.0
822,MALE,40대,직장인,SINGLE,대구시,중구(대구),L,0.9
823,MALE,50대,자영업,SINGLE,서울시,양천구,L,0.9
824,FEMALE,40대,직장인,MARRIED,광주시,서구(광주),55,0.3
825,FEMALE,40대,직장인,MARRIED,경기도,평택시,66,0.6
826,FEMALE,30대,계약직,MARRIED,광주시,서구(광주),44,1.1
827,MALE,30대,자영업,MARRIED,광주시,광산구,M,0.2
828,MALE,20대,직장인,SINGLE,서울시,강남구,L,-0.1
829,FEMALE,50대,계약직,MARRIED,충청도,천안시,44,1.2
830,FEMALE,40대,직장인,MARRIED,서울시,강남구,44,2.7
831,FEMALE,30대,자영업,MARRIED,서울시,강남구,55,-1.1
832,FEMALE,20대,직장인,MARRIED,경기도,가평군,44,-0.6
833,MALE,30대,전문직,MARRIED,광주시,서구(광주),M,-1.8
834,MALE,30대,전문직,SINGLE,대구시,수성구,S,1.5
835,FEMALE,40대,직장인,MARRIED,대구시,수성구,55,0.8
836,FEMALE,20대,전문직,MARRIED,대구시,달서구,55,1.0
837,FEMALE,60대 이상,전문직,MARRIED,서울시,마포구,66,1.4
838,FEMALE,20대,전문직,SINGLE,경상도,남구(포항시),55,-0.2
839,FEMALE,50대,직장인,MARRIED,충청도,청주시,66,-0.4
840,MALE,50대,자영업,SINGLE,광주시,서구(광주),S,1.2
841,FEMALE,50대,직장인,SINGLE,전라도,광양시,55,-0.1
842,MALE,20대,직장인,SINGLE,경기도,안양시,L,0.2
843,MALE,20대,학생,MARRIED,전라도,곡성군,S,0.1
844,FEMALE,30대,직장인,MARRIED,충청도,진천군,77,-1.4
845,FEMALE,30대,자영업,SINGLE,대구시,중구(대구),44,0.6
846,FEMALE,30대,자영업,MARRIED,광주시,서구(광주),55,1.2
847,FEMALE,20대,직장인,MARRIED,전라도,광양시,55,1.6
848,FEMALE,30대,계약직,SINGLE,경기도,화성시,44,-0.5
849,FEMALE,50대,자영업,MARRIED,경상도,남구(포항시),66,2.3
850,MALE,40대,자영업,SINGLE,대구시,달성군,XL,-0.2
851,MALE,40대,전문직,MARRIED,서울시,양천구,M,-0.2
852,MALE,20대,자영업,SINGLE,경기도,가평군,M,-0.7
853,FEMALE,30대,직장인,MARRIED,광주시,광산구,66,-1.2
854,FEMALE,40대,계약직,SINGLE,서울시,양천구,66,-0.6
855,FEMALE,30대,전문직,SINGLE,광주시,서구(광주),55,0.3
856,MALE,30대,전문직,SINGLE,충청도,홍성군,M,1.2
857,FEMALE,20대,계약직,SINGLE,서울시,양천구,66,1.6
858,FEMALE,50대,직장인,SINGLE,전라도,해남군,44,0.6
859,FEMALE,40대,직장인,MARRIED,경상도,거제시,44,-0.3
860,FEMALE,20대,전문직,MARRIED,서울시,마포구,66,1.6
861,FEMALE,50대,직장인,MARRIED,전라도,광양시,66,2.5
862,FEMALE,40대,계약직,MARRIED,서울시,양천구,44,-1.4
863,MALE,60대 이상,직장인,SINGLE,충청도,진천군,M,0.4
864,FEMALE,40대,직장인,MARRIED,대구시,북구(대구),55,0.8
865,FEMALE,50대,전문직,MARRIED,서울시,강남구,55,0.8
866,FEMALE,30대,직장인,SINGLE,대구시,달서구,66,0.6
867,MALE,40대,전문직,MARRIED,충청도,진천군,L,0.7
868,MALE,20대,자영업,SINGLE,서울시,강남구,L,1.3
869,FEMALE,20대,자영업,MARRIED,경상도,거제시,44,0.9
870,FEMALE,50대,전문직,MARRIED,대구시,달성군,44,1.0
871,FEMALE,40대,전문직,MARRIED,전라도,구례군,44,0.4
872,FEMALE,30대,계약직,MARRIED,충청도,충주시,44,0.8
873,MALE,20대,자영업,MARRIED,전라도,해남군,L,0.3
874,FEMALE,20대,계약직,MARRIED,광주시,서구(광주),44,0.1
875,FEMALE,20대,학생,SINGLE,경상도,거제시,44,1.1
876,FEMALE,50대,직장인,SINGLE,서울시,강동구,66,0.5
877,FEMALE,60대 이상,직장인,SINGLE,광주시,서구(광주),44,0.1
878,FEMALE,50대,직장인,SINGLE,대구시,북구(대구),44,-0.5
879,FEMALE,30대,자영업,MARRIED,전라도,구례군,55,-0.8
880,FEMALE,30대,직장인,MARRIED,광주시,광산구,55,-0.8
881,FEMALE,40대,계약직,MARRIED,대구시,달성군,55,1.1
882,MALE,40대,직장인,SINGLE,대구시,수성구,L,-1.1
883,FEMALE,40대,전문직,MARRIED,대구시,달성군,44,-0.0
884,MALE,20대,자영업,MARRIED,대구시,중구(대구),L,-0.4
885,MALE,40대,직장인,MARRIED,광주시,동구(광주),L,-0.3
886,FEMALE,40대,계약직,MARRIED,경상도,남구(포항시),66,-0.8
887,FEMALE,40대,자영업,SINGLE,대구시,수성구,55,1.1
888,MALE,40대,직장인,MARRIED,서울시,양천구,L,1.7
889,MALE,50대,전문직,MARRIED,서울시,강남구,L,0.6
890,FEMALE,30대,자영업,SINGLE,충청도,진천군,55,-0.1
891,FEMALE,60대 이상,직장인,MARRIED,광주시,서구(광주),44,1.7
892,MALE,30대,계약직,MARRIED,경기도,가평군,M,0.9
893,MALE,50대,직장인,SINGLE,경상도,함안군,L,0.5
894,MALE,40대,전문직,MARRIED,충청도,홍성군,L,1.0
895,FEMALE,40대,전문직,MARRIED,대구시,달성군,55,0.9
896,MALE,30대,전문직,MARRIED,서울시,마포구,L,-0.3
897,MALE,50대,직장인,MARRIED,대구시,수성구,S,0.9
898,FEMALE,30대,전문직,MARRIED,전라도,익산시,44,0.9
899,FEMALE,30대,계약직,SINGLE,경기도,포천시,55,-0.1
900,MALE,60대 이상,계약직,SINGLE,경상도,북구(포항시),S,-0.8
901,FEMALE,40대,전문직,MARRIED,서울시,강남구,66,2.1
902,FEMALE,40대,직장인,MARRIED,대구시,달서구,44,2.2
903,FEMALE,40대,직장인,SINGLE,충청도,천안시,44,-1.1
904,MALE,50대,직장인,SINGLE,경상도,북구(포항시),L,0.5
905,FEMALE,20대,계약직,SINGLE,전라도,익산시,44,0.6
906,MALE,40대,직장인,MARRIED,경상도,함안군,L,-0.8
907,FEMALE,40대,자영업,SINGLE,경상도,북구(포항시),66,0.2
908,MALE,40대,직장인,MARRIED,경기도,안양시,M,1.4
909,FEMALE,20대,직장인,MARRIED,광주시,서구(광주),44,0.8
910,FEMALE,50대,전문직,MARRIED,대구시,수성구,55,-1.3
911,MALE,30대,직장인,MARRIED,대구시,달서구,S,-0.1
912,FEMALE,40대,직장인,MARRIED,충청도,진천군,44,-0.3
913,FEMALE,50대,직장인,MARRIED,대구시,북구(대구),44,-0.2
914,MALE,30대,전문직,MARRIED,경상도,하동군,S,-0.4
915,FEMALE,40대,직장인,SINGLE,광주시,북구(광주),66,0.3
916,FEMALE,40대,직장인,MARRIED,전라도,곡성군,55,1.2
917,MALE,20대,직장인,SINGLE,서울시,강남구,M,1.5
918,FEMALE,50대,직장인,MARRIED,광주시,서구(광주),55,-0.4
919,MALE,20대,학생,MARRIED,대구시,수성구,S,1.4
920,FEMALE,20대,자영업,SINGLE,충청도,홍성군,44,-0.4
921,FEMALE,20대,직장인,MARRIED,경기도,가평군,55,0.8
922,FEMALE,30대,전문직,SINGLE,경기도,포천시,44,0.6
923,FEMALE,30대,직장인,MARRIED,서울시,양천구,55,0.7
924,FEMALE,50대,직장인,SINGLE,전라도,구례군,44,1.3
925,FEMALE,30대,전문직,MARRIED,경기도,안양시,44,-0.4
926,FEMALE,30대,전문직,MARRIED,경상도,남구(포항시),55,1.0
927,FEMALE,30대,자영업,SINGLE,경상도,거제시,44,-1.5
928,FEMALE,50대,전문직,SINGLE,서울시,강남구,77,-0.0
929,FEMALE,30대,직장인,MARRIED,경기도,안양시,55,1.1
930,FEMALE,30대,전문직,MARRIED,경기도,평택시,77,0.5
931,FEMALE,50대,직장인,MARRIED,전라도,해남군,66,2.1
932,FEMALE,20대,자영업,SINGLE,경상도,거제시,44,-0.7
933,FEMALE,50대,직장인,MARRIED,서울시,강남구,66,2.8
934,MALE,40대,자영업,SINGLE,광주시,서구(광주),M,0.3
935,FEMALE,20대,직장인,SINGLE,서울시,강남구,44,-1.5
936,FEMALE,30대,직장인,SINGLE,전라도,익산시,44,0.5
937,FEMALE,50대,직장인,MARRIED,서울시,강북구,66,-0.1
938,MALE,20대,전문직,MARRIED,서울시,강남구,L,-0.9
939,FEMALE,40대,직장인,MARRIED,대구시,달성군,44,1.9
940,MALE,50대,직장인,MARRIED,광주시,북구(광주),S,-0.2
941,MALE,50대,전문직,SINGLE,서울시,강남구,XL,0.9
942,FEMALE,60대 이상,직장인,SINGLE,광주시,서구(광주),44,0.1
943,FEMALE,20대,직장인,SINGLE,대구시,수성구,66,0.5
944,FEMALE,40대,계약직,SINGLE,전라도,곡성군,55,-0.3
945,FEMALE,20대,전문직,SINGLE,서울시,마포구,44,1.6
946,FEMALE,20대,계약직,MARRIED,대구시,중구(대구),66,-0.2
947,FEMALE,20대,전문직,MARRIED,서울시,마포구,55,-0.5
948,MALE,20대,자영업,SINGLE,충청도,천안시,M,0.5
949,FEMALE,20대,자영업,MARRIED,충청도,청주시,44,1.0
950,MALE,50대,전문직,MARRIED,대구시,수성구,L,1.3
951,FEMALE,30대,전문직,MARRIED,대구시,수성구,44,3.2
952,FEMALE,40대,자영업,MARRIED,서울시,양천구,44,1.3
953,FEMALE,40대,직장인,SINGLE,전라도,해남군,44,1.9
954,FEMALE,30대,직장인,MARRIED,전라도,광양시,44,1.5
955,FEMALE,60대 이상,계약직,MARRIED,서울시,강북구,44,2.0
956,MALE,20대,계약직,MARRIED,경기도,평택시,M,0.2
957,MALE,40대,직장인,SINGLE,광주시,서구(광주),M,-0.8
958,FEMALE,50대,직장인,SINGLE,경기도,가평군,44,0.8
959,MALE,30대,직장인,MARRIED,광주시,북구(광주),S,1.8
960,FEMALE,50대,직장인,SINGLE,광주시,서구(광주),66,1.0
961,MALE,30대,직장인,SINGLE,서울시,양천구,M,1.3
962,FEMALE,50대,직장인,MARRIED,광주시,서구(광주),66,2.1
963,MALE,50대,직장인,MARRIED,광주시,남구(광주),M,0.3
964,FEMALE,30대,전문직,MARRIED,대구시,수성구,66,2.5
965,FEMALE,30대,직장인,MARRIED,경상도,북구(포항시),44,-0.1
966,FEMALE,50대,직장인,MARRIED,서울시,양천구,44,0.8
967,MALE,50대,자영업,SINGLE,경상도,북구(포항시),S,0.4
968,FEMALE,50대,직장인,SINGLE,서울시,강남구,55,1.3
969,FEMALE,40대,직장인,MARRIED,경상도,하동군,44,1.7
970,FEMALE,30대,직장인,MARRIED,대구시,달성군,44,-0.1
971,MALE,40대,직장인,SINGLE,서울시,강남구,M,-0.4
972,FEMALE,30대,자영업,SINGLE,경기도,평택시,66,-0.1
973,MALE,40대,직장인,MARRIED,대구시,달성군,L,-0.7
974,FEMALE,30대,자영업,MARRIED,대구시,수성구,44,2.5
975,FEMALE,20대,계약직,MARRIED,광주시,북구(광주),66,-0.5
976,FEMALE,20대,자영업,SINGLE,전라도,광양시,66,0.9
977,FEMALE,30대,자영업,SINGLE,경상도,북구(포항시),66,0.0
978,FEMALE,60대 이상,자영업,MARRIED,대구시,달성군,55,0.3
979,MALE,40대,전문직,SINGLE,전라도,구례군,S,-1.5
980,FEMALE,60대 이상,전문직,SINGLE,대구시,달서구,55,-0.7
981,FEMALE,50대,직장인,SINGLE,서울시,마포구,66,-0.1
982,MALE,30대,계약직,MARRIED,서울시,양천구,M,1.0
983,FEMALE,30대,직장인,MARRIED,충청도,청주시,55,2.1
984,FEMALE,40대,직장인,MARRIED,대구시,수성구,44,1.9
985,FEMALE,60대 이상,직장인,MARRIED,충청도,천안시,44,-0.1
986,FEMALE,30대,전문직,MARRIED,경기도,안양시,66,1.1
987,FEMALE,60대 이상,직장인,SINGLE,전라도,곡성군,55,0.9
988,FEMALE,50대,직장인,SINGLE,대구시,수성구,66,0.1
989,FEMALE,50대,직장인,MARRIED,서울시,양천구,44,-0.3
990,MALE,60대 이상,직장인,MARRIED,전라도,곡성군,S,-0.4
991,FEMALE,30대,자영업,MARRIED,서울시,강남구,55,-1.1
992,MALE,30대,전문직,MARRIED,서울시,강남구,M,-0.1
993,MALE,30대,직장인,SINGLE,광주시,동구(광주),M,1.0
994,FEMALE,60대 이상,전문직,SINGLE,서울시,양천구,44,-0.3
995,MALE,20대,학생,MARRIED,서울시,강북구,M,-0.1
996,FEMALE,30대,직장인,MARRIED,전라도,곡성군,66,-0.4
997,FEMALE,30대,직장인,SINGLE,충청도,진천군,44,0.4
998,FEMALE,20대,자영업,SINGLE,대구시,수성구,44,3.0
999,MALE,40대,직장인,MARRIED,경기도,안양시,S,-1.2
1000,FEMALE,40대,자영업,MARRIED,충청도,청주시,66,0.1
